{
  "macro_f1": 0.9878323589226897,
  "report": {
    "Arabic": {
      "precision": 0.9977802441731409,
      "recall": 0.9988888888888889,
      "f1-score": 0.9983342587451416,
      "support": 900.0
    },
    "Chinese": {
      "precision": 0.9910614525139665,
      "recall": 0.9855555555555555,
      "f1-score": 0.9883008356545961,
      "support": 900.0
    },
    "Dutch": {
      "precision": 0.9955654101995566,
      "recall": 0.9977777777777778,
      "f1-score": 0.9966703662597114,
      "support": 900.0
    },
    "English": {
      "precision": 0.8691860465116279,
      "recall": 0.9966666666666667,
      "f1-score": 0.9285714285714286,
      "support": 900.0
    },
    "Estonian": {
      "precision": 0.9887005649717514,
      "recall": 0.9722222222222222,
      "f1-score": 0.9803921568627451,
      "support": 900.0
    },
    "French": {
      "precision": 0.9834983498349835,
      "recall": 0.9922308546059934,
      "f1-score": 0.9878453038674033,
      "support": 901.0
    },
    "Hindi": {
      "precision": 0.998868778280543,
      "recall": 0.9811111111111112,
      "f1-score": 0.9899103139013453,
      "support": 900.0
    },
    "Indonesian": {
      "precision": 0.9965909090909091,
      "recall": 0.9842873176206509,
      "f1-score": 0.9904009034443817,
      "support": 891.0
    },
    "Japanese": {
      "precision": 0.9988726042841037,
      "recall": 0.9844444444444445,
      "f1-score": 0.9916060436485731,
      "support": 900.0
    },
    "Korean": {
      "precision": 1.0,
      "recall": 0.9933333333333333,
      "f1-score": 0.9966555183946488,
      "support": 900.0
    },
    "Latin": {
      "precision": 0.9592959295929593,
      "recall": 0.9646017699115044,
      "f1-score": 0.9619415333701048,
      "support": 904.0
    },
    "Persian": {
      "precision": 0.9988901220865705,
      "recall": 1.0,
      "f1-score": 0.9994447529150472,
      "support": 900.0
    },
    "Portuguese": {
      "precision": 0.9866518353726362,
      "recall": 0.9855555555555555,
      "f1-score": 0.9861033907726515,
      "support": 900.0
    },
    "Pushto": {
      "precision": 1.0,
      "recall": 0.9632925472747497,
      "f1-score": 0.9813031161473088,
      "support": 899.0
    },
    "Romanian": {
      "precision": 0.9988776655443322,
      "recall": 0.9888888888888889,
      "f1-score": 0.993858179787828,
      "support": 900.0
    },
    "Russian": {
      "precision": 0.9911602209944751,
      "recall": 0.9966666666666667,
      "f1-score": 0.9939058171745152,
      "support": 900.0
    },
    "Spanish": {
      "precision": 0.9966254218222722,
      "recall": 0.9833518312985572,
      "f1-score": 0.9899441340782122,
      "support": 901.0
    },
    "Swedish": {
      "precision": 0.9977802441731409,
      "recall": 0.9988888888888889,
      "f1-score": 0.9983342587451416,
      "support": 900.0
    },
    "Tamil": {
      "precision": 1.0,
      "recall": 0.991130820399113,
      "f1-score": 0.9955456570155902,
      "support": 902.0
    },
    "Thai": {
      "precision": 1.0,
      "recall": 0.9877777777777778,
      "f1-score": 0.9938513135830073,
      "support": 900.0
    },
    "Turkish": {
      "precision": 0.9988839285714286,
      "recall": 0.9944444444444445,
      "f1-score": 0.9966592427616926,
      "support": 900.0
    },
    "Urdu": {
      "precision": 0.9988751406074241,
      "recall": 0.9866666666666667,
      "f1-score": 0.9927333705980995,
      "support": 900.0
    },
    "accuracy": 0.9876250126275381,
    "macro avg": {
      "precision": 0.9885074940284464,
      "recall": 0.9876265468181572,
      "f1-score": 0.9878323589226897,
      "support": 19798.0
    },
    "weighted avg": {
      "precision": 0.988498654968757,
      "recall": 0.9876250126275381,
      "f1-score": 0.9878271765990285,
      "support": 19798.0
    }
  }
}